1fa758b5-7943-4b2d-ad10-4fa1ae81e1a5,Mariano,Bahringer,Marty Gleichner,Forward Marketing Assistant,sirena.stamm@gmail.com,576-036-5413,2009-46-09 03:46:54,"658 McKenzie Centers, East Noriko, WV 74553",Jaskolski Cliffs,Port Garlandburgh,08422-3986,Cyprus,Indiana,"Huel, Boehm and Bosco",925-00-9187,District Government Planner,4,2017-52-21 06:52:34,2019-23-06 06:23:09
77bdcad6-167b-410f-96d2-1bda5dd7d45d,Mimi,Kling,Arla Hansen,Global Implementation Technician,morgan.morissette@hotmail.com,238.836.4638,1993-50-14 09:50:58,"741 Gibson Rest, New Marieborough, RI 41187-3699",McCullough Village,Kubchester,49090-0667,Peru,California,"Hansen, Grant and Stamm",367-61-0000,Chief Real-Estate Representative,3,2017-00-11 11:00:57,2019-23-07 09:23:15
d7175f5f-7397-473c-946c-65f7332313d1,Lester,Skiles,Alphonso Boyle,Chief Markets Producer,jerrold.wintheiser@hotmail.com,(065) 526-7424,2001-38-22 06:38:41,"89191 Witting Trail, Reichelshire, ND 45869-2425",Kemmer Overpass,East Regan,92775-0516,Uruguay,Tennessee,"Rosenbaum, Batz and Runolfsson",666-07-4541,Dynamic Administrator,1,2017-42-10 10:42:52,2019-34-07 08:34:04
b4da8dc4-eb5d-474f-a09c-74b24185b5a2,Mathew,Thompson,Nakisha Bayer,Dynamic Communications Manager,garnet.hartmann@yahoo.com,183-687-1600,1968-18-22 02:18:59,"3305 Horacio Valleys, South Donnie, MS 01385-7772",Theola Ferry,Gradymouth,05367,Armenia,Kansas,Crooks Group,666-22-8139,IT Representative,2,2017-05-26 12:05:37,2019-00-07 04:00:55
96ab3a26-6788-46f4-a61f-d8fdfb19d345,Kathie,Huels,Miss Eveline Rodriguez,Lead Program Analyst,carline.bernier@hotmail.com,(029) 295-6782,1991-40-23 03:40:05,"Suite 233 002 Natalya Village, South Dorine, WV 00847",Schulist Orchard,Lake Scottiemouth,31790-1151,Ghana,Kansas,Homenick LLC,666-72-7542,Central Construction Coordinator,1,2018-09-27 08:09:52,2019-02-07 05:02:52
30fbaf9e-36b3-43a3-b920-6bf68b4acf59,Joel,Bartell,King Murphy,Chief Markets Officer,lucy.towne@yahoo.com,(170) 744-9176,2017-46-30 09:46:45,"09345 Moore Flat, Erdmanland, WY 97875-1901",Korey Spur,North Louie,42776-4810,Vietnam,Vermont,Toy and Sons,945-33-0000,Regional Community-Services Manager,8,2019-34-31 06:34:44,2019-35-06 11:35:16
9e5477df-2075-4b5f-a58a-bb3c0d25fc42,Evie,Rolfson,Allie Considine,Human Group Manager,naoma.rutherford@yahoo.com,1-884-356-6528,1956-16-20 10:16:45,"Suite 980 811 Cedrick Alley, South Jessie, IA 15414",Toy Shore,Abbotttown,78371,Bulgaria,Ohio,"Kuhic, Walter and Effertz",666-00-5491,Real-Estate Assistant,9,2017-08-22 05:08:12,2019-56-06 10:56:31
e8f77fbf-076b-4385-a4fc-eebfda3751e6,Lenita,Bechtelar,Stepanie Sanford,Lead Functionality Manager,toccara.witting@hotmail.com,1-375-717-8922,2000-17-27 06:17:38,"666 Fahey Field, North Brad, OR 72505",Sean Well,Jerrodburgh,23041-0767,Bahrain,North Dakota,Mante Inc,000-00-0290,Community-Services Agent,10,2017-25-13 02:25:59,2019-41-07 02:41:35
6bf12d0b-1d1f-4f99-b506-df99d46b6696,Vernell,Huels,Miss Evie Kshlerin,Direct Accounts Manager,ricky.okuneva@yahoo.com,(579) 117-7780,1967-01-20 06:01:06,"Suite 404 180 Darell Ridge, East Jeffry, CT 27418-3007",McCullough Vista,East Genevieveland,24190-8853,Saint Kitts and Nevis,Wyoming,Terry LLC,250-47-0000,Retail Agent,6,2018-21-12 03:21:31,2019-28-07 07:28:41
07ce3594-89ef-4db8-bfd3-4c87b9aac797,Douglas,Kessler,Kenda Schinner,Lead Branding Facilitator,ula.abbott@hotmail.com,639.365.4649,2019-35-23 02:35:46,"Apt. 366 2968 Osinski Ranch, Avriltown, LA 15378-5308",Cruickshank Bridge,West Jae,29922,Algeria,Ohio,"Barton, Friesen and Boyle",656-00-8629,Marketing Developer,1,2019-36-30 02:36:24,2019-35-07 04:35:41
d0a38bee-ffd7-4a8f-9dd6-1b7920e5aa1d,Maritza,Baumbach,Nickolas Toy PhD,Internal Metrics Consultant,teresita.schamberger@hotmail.com,(498) 598-0435,1974-55-28 06:55:16,"8259 Hyatt Stravenue, Port Felixbury, MT 37818-6613",Reinger Ferry,New Arron,80889,Madagascar,Virginia,"Bernhard, Stroman and Stoltenberg",263-00-4124,Forward IT Technician,5,2017-01-09 09:01:33,2019-44-07 02:44:53
9616fff1-c6a9-4097-94e2-339ab585ecaa,Cheyenne,Blanda,Johana Kreiger Sr.,Corporate Integration Officer,milan.klocko@yahoo.com,(322) 446-6103,1979-08-13 04:08:52,"Suite 211 48652 Dallas Fort, Nathanaelfort, WY 59537",Bennie Rest,Mosciskibury,25303,French Guiana,Kentucky,Jast LLC,666-46-2541,Farming Consultant,2,2018-35-03 12:35:41,2019-11-07 02:11:47
cf80b24d-155b-444d-b265-3a170ced9fbe,Charlie,Walter,Albert Denesik,Lead Security Supervisor,walker.mayer@gmail.com,122.490.7741,1962-53-28 06:53:28,"Apt. 792 229 Jones Meadows, West Valentine, HI 21302",O'Conner Road,Greenholtmouth,21533-8400,Philippines,New Mexico,Mayer Group,986-88-6592,Legal Assistant,9,2017-36-19 10:36:57,2019-47-07 01:47:16
eb930d96-87bf-4274-bef0-2b254fb698dc,Maurice,Ernser,Ron Dicki,Lead Factors Specialist,carson.abbott@gmail.com,444-806-7169,1995-48-07 11:48:15,"Apt. 998 694 Harber Plaza, Mandaport, PA 23744-3334",Ivan Harbor,Elsaburgh,30610,Tanzania,Iowa,Christiansen-Nolan,000-33-6827,Dynamic Technology Executive,8,2018-29-05 02:29:08,2019-44-06 06:44:00
76a38f49-6ebc-41da-a829-263a412f334d,Jerald,Bergstrom,Buford Dach,Human Solutions Developer,eliseo.beatty@hotmail.com,(356) 872-4410,1977-34-02 05:34:07,"511 Afton Mills, Port Enrique, OK 31627-6652",Mac Field,North Noah,18788-7794,Namibia,Oregon,"Luettgen, Denesik and Runolfsson",000-17-3879,Future Consultant,1,2017-52-15 11:52:41,2019-01-07 02:01:25
b41a0759-349a-4a65-9aed-2eb24d358e0a,Carita,Braun,Chrystal Wilderman III,Dynamic Mobility Technician,carie.bradtke@yahoo.com,(160) 934-0227,1982-20-11 04:20:12,"78908 Labadie Corners, New Alfonzochester, TX 45498",West Via,Lake Tylerland,38827-4200,Bahamas,Mississippi,Spinka LLC,224-00-2477,Product Education Coordinator,2,2017-18-30 05:18:16,2019-16-07 05:16:13
666e7090-9f53-4d72-9e33-cc2bd247488f,Horacio,Pfeffer,Beau Doyle,Global Marketing Producer,lashaunda.emmerich@gmail.com,370-861-5181,1963-38-26 02:38:53,"41539 Kuhlman Drives, South Loreemouth, ND 96180-9161",Maisha Pine,Emardstad,06875,Armenia,Nebraska,"Lubowitz, Monahan and Stamm",721-00-4488,International Advertising Analyst,5,2017-38-03 10:38:56,2019-53-07 04:53:38
19cfa4ad-c7b3-4b79-a461-fd2127220007,Darline,Rolfson,Claudio Parisian,Legacy Mobility Officer,annita.howell@yahoo.com,848-902-6765,1992-46-14 10:46:19,"5524 Lola Field, Champlinbury, AL 04679-3621",Ullrich Pine,New Nevachester,93023,Nigeria,Kentucky,Mayert Group,368-00-5351,Product Supervisor,6,2016-47-20 10:47:28,2019-04-06 07:04:39
f30c831a-dee2-49b5-94ae-a5547465b581,Hermina,Shanahan,Consuelo Luettgen,Direct Implementation Executive,fabiola.maggio@yahoo.com,168.223.9642,1963-53-18 11:53:02,"Apt. 597 934 Shavonda Mall, Lueilwitzmouth, WI 61309",Pacocha Forest,Elinview,85004-4407,Tunisia,Missouri,Volkman Inc,977-56-9325,Administration Planner,0,2017-02-15 11:02:07,2019-41-06 09:41:25
a17b7c61-047e-4dd9-a597-191dc34e88b1,Paris,Keebler,Dr. Leticia Weissnat,National Creative Executive,ellen.waters@gmail.com,1-686-391-7069,1966-36-03 07:36:40,"Apt. 065 273 Legros Run, North Oralia, KY 02450",Jacobs Branch,East Ardella,22064,French Southern Territories,Alabama,Hoppe Inc,973-94-4996,Forward Legal Associate,5,2017-48-02 10:48:09,2019-51-07 11:51:10
be479ce5-dc92-4d47-9a53-372e0ebd1006,Lavern,Koepp,Ms. Roberta Donnelly,Human Research Liaison,colene.ebert@hotmail.com,849-869-6824,1958-59-11 08:59:30,"Apt. 861 38761 Mitsue Junctions, Sonville, MT 08318-6464",Collier Ville,Rohanview,27078,Belgium,Maryland,"Daniel, Pollich and Okuneva",666-92-0155,National Farming Liaison,0,2016-43-23 02:43:53,2019-56-06 10:56:58
79e814cb-a69d-42df-a7f3-e9a6686f4915,Libby,Ullrich,Ada Stracke Sr.,Direct Brand Facilitator,ali.kuvalis@gmail.com,1-285-939-1375,1983-53-01 12:53:45,"Suite 543 805 Ezequiel Mission, Beermouth, IA 11357",Dimple Junctions,South Avery,85229-2249,Cambodia,New Jersey,Kohler Group,000-03-0604,Construction Developer,6,2017-59-13 08:59:37,2019-57-07 03:57:26
8597fbcd-2ebd-4a06-87b3-7b502c525f6f,Barrett,West,Marcel Kling,Principal Quality Consultant,oma.considine@yahoo.com,843.346.7392,1984-24-13 04:24:34,"Suite 262 2759 Adriana Plain, Port Otismouth, FL 50808-0344",Cecila Corner,Port Malka,49617-1969,Nigeria,Oregon,"Hermiston, Shields and Littel",666-86-0512,Lead Hospitality Technician,5,2017-00-27 02:00:13,2019-15-07 08:15:46
9e0b3def-11de-4d65-9981-17984b722443,Jamie,Schoen,Youlanda Steuber,Direct Infrastructure Supervisor,jeffrey.runte@gmail.com,1-907-381-0325,1954-45-08 12:45:57,"883 Ladawn Lakes, East Darryl, MN 34721-6460",Lockman Dale,East Eli,82743,Botswana,Hawaii,"Lemke, Wintheiser and Stamm",000-90-8541,District Consultant,5,2017-53-22 12:53:26,2019-26-07 06:26:32
0dd67f3b-7e72-4479-a70e-c3dcb972faa2,Emile,Carter,Garfield Yundt,Senior Program Assistant,jacques.hammes@gmail.com,654.645.5726,1972-54-22 03:54:09,"Suite 200 955 Turner Lodge, South Keneth, VT 32077",Omar Landing,Heideland,46778-3220,Mozambique,Colorado,"Schmitt, Wolf and Davis",998-60-2624,Banking Developer,4,2018-26-28 09:26:03,2019-22-07 12:22:56
fae9f4a8-db90-4bd3-b5f4-82917821e641,Nelly,Kozey,Yolonda Herman,Direct Directives Administrator,jerrell.kutch@hotmail.com,(090) 934-4260,2004-16-16 12:16:47,"Suite 684 57711 Abernathy Cliff, Cruzfort, GA 58060-8644",Stoltenberg Locks,Schoenshire,07309-9497,Bahrain,Arkansas,Gibson-Mueller,000-02-2382,Legacy Marketing Agent,9,2016-56-04 10:56:20,2019-02-07 02:02:29
faa50d9d-e211-42c3-b633-ce1500fd9697,Bennett,Hodkiewicz,Yu Gulgowski,Senior Usability Manager,myesha.koss@yahoo.com,476.653.5657,2016-41-27 09:41:29,"Suite 760 0831 Jospeh Drives, Sharicebury, SD 78350",Heidenreich Centers,Stantonbury,18890,Dominican Republic,Iowa,O'Keefe and Sons,000-91-4167,Forward Healthcare Administrator,10,2018-21-19 04:21:16,2019-30-06 08:30:09
8409be01-2030-4346-ade5-b87df9b3e71f,Noah,Walsh,Layne Bartell,Dynamic Branding Analyst,shyla.aufderhar@yahoo.com,551-425-8607,2013-21-26 10:21:05,"6508 Spencer Junction, Lake Dinorahhaven, NY 78789",Cherri Isle,North Gavin,45548,Armenia,Georgia,Spinka-Boehm,147-15-0000,Principal Sales Architect,3,2017-40-07 10:40:57,2019-27-07 10:27:55
638104c4-1e96-4281-a39b-4c4287f1f1a0,Jane,Klein,Von Yost,Investor Response Supervisor,phung.bechtelar@gmail.com,(120) 543-6902,2018-00-09 09:00:23,"2606 Dietrich Spur, West Riaside, FL 61709",Tod Junction,New Ednabury,73535-2431,"Virgin Islands, U.S.",Vermont,Ullrich and Sons,666-10-9618,Dynamic Advertising Liaison,6,2016-46-28 01:46:35,2019-28-07 06:28:26
2e62577d-a654-4faf-8d4c-46c1d77355d4,Ramon,Willms,Frances Maggio,National Response Representative,marshall.schaefer@yahoo.com,(710) 646-2809,1982-41-17 05:41:44,"Apt. 697 546 Bednar Mountains, Ellsworthfort, FL 01100",Lowe Fords,Lorinatown,59680-4676,Denmark,Hawaii,"Balistreri, Vandervort and Stroman",000-95-5553,Advertising Planner,6,2016-42-22 02:42:51,2019-59-07 03:59:31
15cc2f34-579a-46a9-863a-7b3c0bd587e5,Reginald,Klocko,Rosio Gislason,Internal Identity Coordinator,levi.hermiston@gmail.com,811-450-3370,2006-17-02 01:17:44,"894 Jeremy Street, East Kamala, MI 42970",Preston Valleys,Whitneyview,73769,Dominica,South Dakota,Blanda LLC,451-56-0000,Retail Assistant,9,2017-37-11 05:37:36,2019-10-07 01:10:15
7ffcb6b9-af80-4ba3-9a7c-0358d8273e4c,Yong,Hirthe,Aubrey Romaguera,Global Marketing Orchestrator,dulce.haag@gmail.com,(520) 669-4489,2019-20-15 01:20:30,"Apt. 054 3955 Jani Lock, Rickbury, ID 89192-5387",Klein Run,Walterfort,95828-3512,Botswana,Delaware,Koss and Sons,955-66-6177,District Marketing Designer,0,2016-20-16 01:20:50,2019-41-07 03:41:08
e96f1d44-0c7d-4aa2-aab3-7439fdb93f17,Simone,Ledner,Burton Bechtelar,Product Operations Planner,jerrold.collier@gmail.com,608.688.9877,2005-37-03 02:37:43,"Suite 286 06247 Leopoldo Roads, Port Sarina, MO 13167-0951",Hermila Ports,Lake Miloland,72831,Slovenia,Vermont,Graham Group,205-97-0000,Regional Government Manager,10,2017-24-04 04:24:40,2019-27-07 10:27:02
8729a1f7-b002-47bf-aa66-83bb63dbd57f,Carrie,Renner,Eduardo Hackett,District Brand Executive,manuela.mcglynn@hotmail.com,022-520-5709,1967-26-27 10:26:40,"769 Volkman Village, Gaylordberg, AK 87665-0466",Leanora Court,Bradtkeville,82766,Colombia,Pennsylvania,Wolf-Mraz,666-09-8909,Forward Strategist,2,2018-52-12 09:52:56,2019-00-07 02:00:34
be378dc3-0666-4c8e-a836-066afcc70f9b,Leesa,Adams,Shirleen Durgan,Lead Group Supervisor,felton.towne@hotmail.com,327-491-9988,1999-22-18 02:22:50,"Suite 777 3901 Sang Viaduct, West Ciraland, NE 67533-8120",Harvey Light,Lake Marcelo,84242,Maldives,Rhode Island,McGlynn LLC,000-68-2412,Sales Executive,3,2018-03-09 09:03:35,2019-32-06 09:32:32
dd604e82-a80d-49af-b5da-5365a5320b7c,Normand,Runolfsdottir,Sheron Koss,Regional Factors Assistant,bob.thiel@gmail.com,1-553-250-0886,1999-09-11 06:09:59,"5028 Val Crescent, Lake Camiefort, NE 65094-9992",Vaughn Greens,Chelseyview,62935-8722,"Virgin Islands, U.S.",New Hampshire,Ratke Inc,936-33-0000,Regional Hospitality Facilitator,7,2018-41-14 10:41:49,2019-48-07 12:48:45
2ae12288-0458-4832-80ee-2ee9262d2d40,Tameka,Metz,Jamee Fay,Principal Solutions Manager,annis.wiza@gmail.com,355-718-1766,1972-40-02 09:40:17,"38582 Laquanda Tunnel, East Lestertown, NE 24913-0927",Myesha Road,West Leeannland,57087-0651,Norfolk Island,Missouri,Bailey-Keeling,565-55-0000,Central Manufacturing Associate,0,2017-03-25 02:03:11,2019-02-06 11:02:02
b53fe3aa-ca1f-49a5-86ae-ddca3c81e7e7,Paris,Little,Odis Deckow II,Senior Infrastructure Strategist,elliott.heaney@hotmail.com,668.929.8268,2009-32-12 01:32:14,"Apt. 406 82037 Selena Island, New Thalia, ID 03997-9750",Rempel Plains,South Emanuelfurt,48859-8271,Barbados,Alabama,Smitham Group,979-95-9736,Banking Manager,1,2018-40-18 12:40:00,2019-17-07 01:17:44
4fac2fe5-45dd-44d9-9fd5-061ec06d9ffc,Kim,Oberbrunner,Zachery Ondricka Jr.,Forward Division Associate,ernest.sauer@yahoo.com,812-764-6269,1969-15-23 02:15:55,"Apt. 735 837 Madeleine Trafficway, Miqueltown, KY 21583",Alphonse Garden,Bartonland,18692-9551,Venezuela,Illinois,"Metz, Cartwright and Kohler",666-75-9426,Administration Producer,0,2018-30-22 01:30:05,2019-08-07 02:08:58
30131d69-5de3-4bdb-9365-2736c3a79b40,Antonia,Roberts,Osvaldo Wolff,Investor Implementation Coordinator,joleen.bosco@yahoo.com,097-524-7417,2016-37-17 05:37:53,"0974 Oswaldo Cove, Lake Arthurstad, SC 76648",Curtis Shoals,West Marcchester,57503-5517,Mauritania,Colorado,Hickle Group,547-00-9857,International Accounting Producer,1,2018-59-06 01:59:04,2019-51-07 01:51:55
f1cfc92a-2810-4b3e-af6a-9b7a021737a8,Issac,Bogan,Babara Kunze,Regional Web Manager,alfonso.swift@hotmail.com,(835) 736-5920,2007-50-08 03:50:40,"Apt. 677 3485 Parisian Ways, Barrowsbury, WV 25584",Luis Divide,South Jerold,73273-7017,Vietnam,Oklahoma,"Langworth, Lowe and Roob",330-00-6904,Direct Representative,8,2018-05-10 07:05:43,2019-02-07 03:02:48
e194e142-d452-41db-bb29-6f1414464efc,Erick,Bosco,Elaine Miller,Human Interactions Designer,jere.hodkiewicz@gmail.com,606.226.5085,2017-42-09 10:42:04,"3404 Al Radial, West Romaland, MO 23282",Mohr Pines,East Dante,96942-1476,Bosnia and Herzegovina,Wyoming,Skiles Inc,914-95-6294,Advertising Orchestrator,8,2017-50-10 05:50:40,2019-21-07 03:21:13
dbe851f0-2193-4488-9401-b9fd2a361018,Leigha,Goodwin,Brian Treutel DVM,Senior Directives Designer,shin.predovic@gmail.com,673.079.5669,1973-11-19 08:11:44,"Apt. 092 971 Florencia Pine, Brookville, IL 44979",Logan Rue,Jerilynmouth,77135-8747,Morocco,Massachusetts,Fahey-Hessel,882-76-0000,District Specialist,9,2019-30-30 04:30:16,2019-48-07 07:48:36
7ef8665b-0cff-423a-b644-2e17242eb68b,Bob,Towne,Hung Muller,Human Intranet Representative,kristin.haley@yahoo.com,1-057-669-5892,1978-28-02 11:28:32,"Apt. 280 274 Watsica Port, Maloriechester, ME 00594-3296",Emard Ports,New Magdalene,36447-4779,Macedonia,North Dakota,Zulauf Inc,000-13-3967,Internal Hospitality Facilitator,5,2018-09-21 02:09:07,2019-07-07 06:07:24
5672f1ad-7485-4985-9445-d127f178aff4,Slyvia,Cormier,Cordell Cole,Future Creative Consultant,nicolas.turcotte@gmail.com,(317) 437-3722,1988-56-16 01:56:35,"Apt. 090 2779 Miki Vista, New Perryshire, DE 49336",Dominic Forest,South Frida,66616-2023,United Arab Emirates,Illinois,Welch-Cole,843-80-0000,Direct Orchestrator,6,2017-41-18 02:41:05,2019-57-06 09:57:17
695ab18e-afc0-4593-8cdb-68e903449742,Mao,Rogahn,Richard Kuphal,Dynamic Branding Coordinator,rhett.homenick@hotmail.com,1-674-808-4704,1957-49-20 05:49:35,"26153 Hackett Stravenue, Freemanfort, KY 24959-8470",Alphonse Ridges,South Samuel,18360-8811,Argentina,North Carolina,"Kuhlman, Graham and Sporer",000-61-9075,Regional Orchestrator,1,2016-05-12 12:05:32,2019-53-07 07:53:42
6e2550bb-f600-400d-b165-aea24294054a,Keisha,Klocko,Kenneth Blick,Internal Functionality Consultant,alphonse.goldner@hotmail.com,(115) 162-6066,2005-49-06 11:49:39,"378 Denisse Camp, Schneiderborough, OR 41977",Davis Rest,Louisport,60521-2346,Kiribati,Virginia,Boehm-Miller,992-43-4075,Farming Designer,9,2018-42-29 05:42:43,2019-54-07 01:54:51
d70706cf-fdc0-4a45-b011-0865ca777a66,Morris,Rosenbaum,Ms. Asa Kemmer,District Paradigm Analyst,elza.schaden@hotmail.com,1-662-078-2637,1955-02-25 06:02:12,"Suite 039 5443 Prohaska View, New Jules, OR 93940-5435",Emard Run,Port Young,79663-4801,Guinea-Bissau,Iowa,McKenzie-Rau,000-21-2630,Mining Liaison,3,2019-57-11 09:57:54,2019-27-07 06:27:45
a4a071d8-31e7-49a0-a7e0-b2a2e97985f0,Tommye,Hodkiewicz,Heath Adams,Future Brand Facilitator,jung.sauer@yahoo.com,1-009-878-6463,2012-14-05 01:14:28,"Apt. 506 155 Eric Squares, East Malkaview, PA 91789-1573",Lakin Shore,Lake Billi,58736,Zimbabwe,Wyoming,Cassin Inc,999-91-5328,Internal Administration Facilitator,5,2018-38-19 11:38:14,2019-42-07 03:42:29
5e7635ab-57de-4bdc-bcea-c2fe46a74a50,Hector,Halvorson,Ward Paucek,Investor Program Engineer,evalyn.larson@hotmail.com,(891) 789-0938,1989-47-09 10:47:46,"1280 Jim Street, Murazikshire, OH 05705",Pfeffer Plains,Zboncakport,39185-3733,Central African Republic,Alabama,Hyatt-Glover,255-00-6122,Banking Technician,2,2018-24-01 04:24:05,2019-06-07 04:06:32
1074d1bf-6d79-45ca-b453-cb16e0f1b73d,Felica,Spencer,Robbie Steuber,Internal Accounts Specialist,rudy.nienow@hotmail.com,655-076-3864,1978-09-12 12:09:24,"54895 Feil Mountains, West Jcborough, NH 14060-2163",Morar Plains,Loreleiland,29098-2544,Kyrgyz Republic,Arizona,Gusikowski Inc,909-15-3721,Technology Executive,0,2017-49-10 06:49:57,2019-59-07 09:59:11
5f8a559b-3e33-42d2-8341-448d2e0380dc,Eli,Marquardt,Ms. Milagro Heller,Forward Infrastructure Representative,wesley.hayes@yahoo.com,(499) 907-0680,1994-11-23 06:11:56,"Apt. 911 237 Botsford Ford, Port Bart, IN 90869-4491",Colton Points,Port Marni,83871,Colombia,Texas,"Sipes, Parisian and Thiel",000-62-8392,Dynamic Facilitator,1,2017-19-10 01:19:14,2019-41-07 03:41:25
948cc358-604c-41f7-85c2-241bda5b3693,Krystyna,Baumbach,Christel Hamill,National Paradigm Developer,krystina.hudson@yahoo.com,(514) 048-3591,1958-18-05 11:18:04,"154 Julius Route, Murphyville, TX 11178-7201",Gutkowski Plains,Melidamouth,79643,Israel,Utah,Bins LLC,000-99-8590,Future Supervisor,3,2017-13-26 12:13:06,2019-58-07 09:58:03
786f2247-24b3-4176-bfc7-decc3ca17f84,Ivey,Lockman,Miss Allan Leffler,Legacy Directives Executive,damaris.donnelly@gmail.com,388-698-5535,2018-59-23 07:59:48,"Suite 563 0420 Diane Ways, Briantown, NE 10682",Zulauf Heights,Gusview,13466,Fiji,Michigan,Zboncak LLC,000-59-4686,Customer Marketing Manager,7,2017-43-28 04:43:58,2019-08-07 06:08:21
e2842a72-dff6-4a55-9c51-4071f0930a9c,Marsha,Schumm,Karl Jacobson,Future Assurance Planner,neville.schneider@hotmail.com,1-582-400-4198,1992-15-03 09:15:05,"65656 Heidy View, South Albertfurt, MI 66931-3109",Ryan Islands,Cristalview,93157-1814,United Kingdom,Maine,"Gleason, Beer and Wolff",000-38-0875,Consulting Facilitator,4,2017-14-07 04:14:14,2019-45-07 09:45:06
5c9fbb80-7f37-4fdb-92c9-4bd6f52c615d,Wes,Emard,Philomena Fritsch,Senior Applications Designer,wendi.wilkinson@gmail.com,1-741-019-3031,2003-29-23 11:29:25,"954 Dennis Stravenue, Raynorbury, CO 72836",Johnston Oval,West Lorraine,60382,Macedonia,North Carolina,Jast-Rau,566-14-0000,Sales Officer,7,2017-30-15 06:30:02,2019-20-06 11:20:14
75b33ab1-2e45-4eb1-bd9d-13d0cd6a4bfc,Lavern,Hammes,Miranda Carroll,Forward Solutions Specialist,korey.gleichner@hotmail.com,1-955-603-8486,1972-10-17 06:10:42,"5556 Latanya Rest, Schmelershire, VT 40140-9083",VonRueden Isle,Alfrediaton,81573,Japan,Nevada,Cassin-Keebler,850-08-0000,Advertising Specialist,1,2019-15-11 05:15:23,2019-30-06 11:30:34
04ff9bc5-8449-45bf-86ce-a2c48a48c0a4,Jake,Terry,Olinda Wilkinson,National Web Consultant,colton.harris@yahoo.com,(479) 853-5329,1986-38-24 02:38:03,"Apt. 717 98798 Treutel Run, Ziememouth, WI 13354-7288",Renner Drive,Muellerfort,13519-2239,Hong Kong,Virginia,"Corwin, Tromp and Gorczany",666-01-2859,Real-Estate Administrator,1,2018-11-20 09:11:33,2019-32-07 05:32:12
d6ceadf6-62f7-4a75-9faa-5b3b663b14e8,Carolynn,Zieme,Elvira Blick,Dynamic Web Specialist,marna.pouros@yahoo.com,249-916-3112,2007-38-03 03:38:33,"171 Gilma Burgs, West Delbert, MD 16224-6398",Ward Throughway,New Anniceville,20292,Greece,Louisiana,O'Keefe-Will,000-41-6571,Corporate Advertising Officer,4,2018-09-03 06:09:46,2019-40-07 12:40:22
19892ec9-1612-41be-aba3-e75842c2ecd7,Sima,Goldner,Mrs. Sheree Shanahan,International Interactions Manager,bryant.wisozk@gmail.com,(528) 871-8589,1989-33-10 04:33:39,"05243 Ward Shores, Dahliachester, PA 46018-5391",Kimberly Skyway,Kimberlyview,54439-2497,American Samoa,North Dakota,Will-Hills,000-45-8405,Dynamic Analyst,6,2018-14-06 04:14:38,2019-35-07 05:35:19
4be180a3-12de-44e8-9b31-cd9d6d3e368a,Tarra,Reichel,Janina Thiel,Direct Communications Designer,roberto.smitham@gmail.com,(825) 162-4070,1958-18-12 12:18:49,"Apt. 872 7322 Von Course, New Noelmouth, DE 69499",Peggy Roads,Olsonstad,57686-0546,Republic of Korea,New York,O'Connell LLC,455-60-0000,Internal Manufacturing Technician,10,2016-50-11 11:50:58,2019-43-06 06:43:41
ff41b7fb-200e-4f65-bb40-f8876803f5d1,Bennie,Carroll,Dr. Dimple Herzog,Investor Implementation Designer,rory.collins@gmail.com,329.208.1266,2000-16-02 06:16:51,"809 Dorinda Dale, New Cathrynchester, MT 76090-9098",Arturo Passage,West Phillip,07842,Guinea-Bissau,Vermont,Buckridge-Parker,000-04-5648,Internal Community-Services Specialist,7,2018-38-25 01:38:06,2019-46-06 06:46:09
c8d779e2-1699-4562-b128-675ba23278da,Ellsworth,Nikolaus,Giovanni Kohler,Direct Program Coordinator,tory.wunsch@hotmail.com,856-064-7267,1983-31-04 11:31:16,"4425 Hintz Ford, New Derekburgh, SD 31991",Crooks Street,Ericfurt,40262-2139,Western Sahara,Vermont,"Volkman, Wisoky and Hermiston",666-36-6192,Accounting Administrator,8,2018-38-24 02:38:42,2019-33-06 08:33:43
f0762b5a-6c88-4e52-b43a-b94b27dd7e3a,Dean,Herman,Mirta Schuster DVM,Principal Configuration Technician,cameron.mcdermott@gmail.com,1-751-369-2223,1980-25-09 10:25:19,"Apt. 124 9226 Alec Fords, North Dortha, WA 61443",Marlana Village,Lake Abraham,64028,Saint Helena,South Carolina,Corkery-Wyman,000-83-5312,Product Technician,0,2018-11-02 03:11:55,2019-02-07 02:02:24
c54f0bdc-9f33-476e-b941-839786a7f868,Bryon,Altenwerth,Daniel Predovic,Investor Web Officer,ozie.davis@yahoo.com,1-350-956-9412,1993-05-20 11:05:40,"Suite 029 257 Reilly Canyon, East Albertha, NC 44988-9120",Cruickshank Expressway,North Celestinastad,15698-4390,Kiribati,Georgia,Schumm Inc,715-00-2751,Human Director,6,2018-18-18 06:18:39,2019-13-07 07:13:31
af7082f8-4e26-47ac-80aa-9ae94d70cbde,Marvel,Cole,Ms. Lidia Marks,Internal Security Technician,hortense.stoltenberg@hotmail.com,733-250-9128,2006-01-16 10:01:07,"Apt. 274 928 Dionna Locks, West Delmy, GA 02492-1495",Bahringer River,South Leilanishire,46951-4447,Burkina Faso,Indiana,Conroy Group,896-00-4936,Farming Agent,3,2018-55-26 06:55:41,2019-04-07 01:04:36
dd9b12d0-bba1-427b-8447-222d154814dd,Dennise,Jacobson,Dr. Brenton Feeney,Internal Solutions Technician,shiela.maggio@hotmail.com,(339) 451-0731,1966-32-06 07:32:46,"489 Bertie Squares, West Young, MN 77485",Tremblay Road,Lake Darius,79801-2158,Svalbard & Jan Mayen Islands,Vermont,Orn-Bailey,070-72-0000,Lead Hospitality Director,5,2018-44-25 09:44:04,2019-00-07 04:00:34
d416cafd-e4f3-4c2f-ab29-1e571df5ae9d,Josue,Beatty,Marlon Gislason DDS,Legacy Factors Strategist,chasity.weber@gmail.com,(474) 320-2148,2004-58-27 11:58:45,"00402 Robert Spur, Port Gerardchester, MD 69286-3815",Rodrick Loaf,Colliershire,99474,Saudi Arabia,Montana,Stoltenberg-Brekke,380-11-0000,Direct Designer,8,2017-57-15 08:57:51,2019-20-06 07:20:09
4b69d1b0-7536-4b2b-a4d0-80d3a3ccb84e,Korey,Cruickshank,Leighann Kertzmann,Senior Integration Producer,anton.welch@yahoo.com,060-319-5245,2008-01-26 02:01:25,"Apt. 863 88924 Lorena Turnpike, East Shalandaside, NH 29532",Austin Gateway,Daronton,63647-3719,Nigeria,Massachusetts,"Nader, O'Connell and Pfannerstill",000-26-5959,Corporate Education Analyst,3,2017-34-16 04:34:37,2019-00-07 09:00:20
4fc16ba8-39a1-45e9-83c6-972e58ade100,Barrett,Ondricka,Nakisha Rowe,Investor Paradigm Associate,theo.emard@hotmail.com,982.929.7396,1963-19-15 07:19:20,"Suite 784 2141 Ortiz Drive, Cronabury, WV 13819-1083",Heaney Crescent,Colinport,33406-9640,Benin,Utah,Beatty-Padberg,993-24-7408,Design Analyst,2,2018-10-13 07:10:50,2019-58-06 07:58:25
2e028a16-16dc-4b34-9e67-350559fa8daf,Johnathan,Gleichner,Georgeann Langosh,Lead Markets Representative,bertha.skiles@hotmail.com,864-259-0090,2017-47-30 10:47:02,"Apt. 696 851 Hoeger Village, Trentonmouth, MD 68841",Alejandro Field,West Maxwell,91443-3738,Malta,Florida,Hauck-Murphy,000-91-7106,Healthcare Producer,6,2017-14-17 10:14:02,2019-16-06 10:16:59
66b58aa5-92a5-4f3f-aad2-17aa9f63d655,Belinda,Schumm,Idella Dibbert IV,Direct Intranet Agent,shad.feil@hotmail.com,1-713-564-3637,2013-42-17 10:42:57,"Suite 284 80104 Thomas Spur, Liviaton, WY 23569-1606",Altenwerth Station,Kossshire,41889-3354,American Samoa,North Carolina,Effertz-Kuvalis,666-07-7680,Legacy Assistant,0,2017-13-25 08:13:05,2019-30-06 06:30:55
7cd1c8fd-0780-412e-96e8-dae13f40cb07,Harlan,Keebler,Jeanie Roberts,International Tactics Supervisor,marlena.mcdermott@hotmail.com,(214) 515-9362,1993-45-28 01:45:15,"Apt. 132 2768 Andrew Centers, Franklynmouth, MA 14013-5694",Durgan Field,Port Philomenafort,60814,Poland,Minnesota,Gutkowski Inc,918-70-8385,Investor Developer,1,2017-03-29 08:03:15,2019-05-07 02:05:50
8cf17fb4-7359-4092-8dd6-722b9b6a3824,Vikki,Quigley,Jere Bogan,Customer Factors Associate,antony.toy@gmail.com,635.283.5044,1959-25-18 01:25:13,"Apt. 294 6125 Carmon Plains, New Shaunnaview, MN 23467-0409",Williamson Centers,Ernestoberg,80640,Republic of Korea,Missouri,Berge Group,287-00-4130,Marketing Analyst,7,2018-17-30 12:17:50,2019-20-07 02:20:47
e5c3c398-6362-4fc1-93a3-ce4010aa34be,Nadene,Schuster,Zula Veum,Forward Accountability Planner,jake.russel@yahoo.com,1-407-071-6128,2018-07-05 03:07:27,"Suite 607 836 Rogahn Roads, Muellerberg, SD 20559",Roxie Court,Schuppebury,17235,Comoros,Oregon,Kreiger LLC,710-19-0000,Technology Orchestrator,3,2017-06-01 06:06:27,2019-41-07 01:41:32
f911fa1e-79c5-4398-93aa-eaf3cb4a3ca2,Rolando,Spinka,Eugenie Beatty,Regional Optimization Officer,tam.price@hotmail.com,305.109.1681,1966-23-07 05:23:54,"328 Zboncak Station, Kshlerinmouth, AZ 84515-8020",Tillie Drives,West Classie,89763,Israel,Maine,"Jacobi, Hammes and Zulauf",516-04-0000,Senior Community-Services Director,8,2017-02-31 10:02:54,2019-40-07 06:40:21
d7824e2d-5f0e-4986-9679-017cfbc8d8fb,Leah,Greenholt,Ozie Runolfsdottir,Global Program Architect,elnora.mitchell@yahoo.com,(712) 184-0333,1966-54-26 03:54:58,"2044 Hershel Turnpike, Simonisberg, OR 24668-1366",Kulas Island,North Iraland,12928-1154,Uganda,Arkansas,Bechtelar and Sons,666-43-4515,Sales Designer,8,2018-27-12 05:27:37,2019-38-06 08:38:12
195d9d94-347e-442f-a364-59fa9010115a,Kati,Cremin,Cortez Kub IV,Global Usability Designer,cruz.nienow@gmail.com,(367) 228-1574,2006-42-27 07:42:24,"Apt. 387 9177 Lashon Light, Lahomaville, GA 26871-2447",Dannielle Summit,South Melody,73437-0205,Maldives,Alabama,"Okuneva, Wisozk and Veum",000-60-9668,Customer Developer,10,2018-11-26 03:11:07,2019-53-07 06:53:34
ea548b16-f1e0-4c19-af99-9391908a3b77,Francesca,Gottlieb,Dr. Fredricka Kirlin,Forward Usability Agent,gil.leffler@hotmail.com,1-992-483-8058,2011-09-20 10:09:23,"Suite 986 845 Lynch Field, North Sheenaberg, OK 68908",Roger Flats,Baumbachfurt,63296-5383,Pakistan,Colorado,"Graham, Howe and Cormier",714-00-9174,Future Banking Supervisor,1,2016-14-13 03:14:48,2019-17-07 01:17:13
1fe8be6d-7d3a-46e2-8f6f-8f897091246e,Tracey,Yost,Dr. Pat Beatty,Global Division Coordinator,jacalyn.white@yahoo.com,(281) 012-5885,1992-21-08 01:21:06,"Apt. 813 388 Wilmer Mall, North Dellaside, NM 67054-4206",Parker Mill,Denniseborough,76424-7767,Saint Kitts and Nevis,Alabama,Langosh and Sons,020-94-0000,District Consultant,7,2018-40-28 10:40:28,2019-45-07 10:45:48
ba974048-3c96-48c4-92e5-e6ceb53ae768,Laurena,Fahey,Karima Armstrong,International Operations Specialist,sona.thiel@hotmail.com,1-870-849-1539,1960-14-23 10:14:27,"5717 Genie Hollow, Joannfort, WV 10289-4288",Lupe Knoll,Rudyhaven,63708,Sao Tome and Principe,Alaska,VonRueden and Sons,568-00-6672,Marketing Facilitator,10,2018-34-03 10:34:19,2019-13-07 02:13:48
075f971f-2f7a-4e55-b731-1d482ab31fd9,Inger,Haley,Ignacio Wehner DVM,Future Directives Administrator,lorraine.bashirian@gmail.com,507.502.5687,1987-25-19 06:25:48,"Apt. 556 6461 Frami Loaf, Lake Barbra, WY 51226-3793",Tosha Gateway,North Vannessa,76402,Mexico,Connecticut,Kemmer-Tremblay,600-09-0000,Lead Government Designer,4,2018-43-05 06:43:36,2019-24-07 09:24:41
8179e664-844d-4ebe-adbe-7413b9366717,Lauretta,Rempel,Sanford Wilkinson V,Central Branding Strategist,columbus.ritchie@hotmail.com,1-875-036-7035,1966-35-22 04:35:58,"Apt. 674 73219 Schulist Field, Lauriehaven, IL 77340",Thomas Camp,New Sangshire,77556,Monaco,Michigan,Koelpin-Flatley,000-97-6017,Global Director,7,2018-09-21 05:09:23,2019-52-06 06:52:04
044e0614-fd0a-4ba5-9463-89002076823d,Ivonne,Kreiger,Echo Shields,Chief Assurance Engineer,willard.kerluke@hotmail.com,(441) 866-2400,1979-44-27 12:44:02,"2869 Ritchie Creek, Princefort, MS 29354",Hoppe Loop,Nadenemouth,35916-3996,Saint Lucia,Nevada,"Fahey, Murazik and Hammes",474-83-0000,Future Executive,2,2017-36-16 01:36:10,2019-45-07 04:45:16
77dfd323-c0b1-426a-ba5a-548459412fcc,Wilber,Bernhard,Dillon Effertz,Future Accountability Facilitator,renata.sanford@yahoo.com,321-694-3334,2010-44-31 11:44:24,"55953 Wilbert Summit, South Earleshire, AL 06048",Rohan Trace,Edwardostad,68316,Sudan,Colorado,"Murazik, Orn and Brakus",666-57-5182,Regional Construction Director,3,2018-26-09 02:26:03,2019-40-07 05:40:30
21a0ce4d-df22-434a-ba3e-da994096104d,Isidro,Simonis,Martin Johns,Investor Web Designer,myrtie.huel@hotmail.com,(699) 495-5057,2013-21-24 05:21:20,"67567 Carmen Flats, Port Shaneborough, CO 08953-6852",Bechtelar Port,South Antone,29089,Italy,Kansas,Hartmann-Bins,500-00-4199,Principal Designer,2,2016-03-24 05:03:27,2019-27-07 12:27:44
1553e1ac-0e9f-4ee2-be15-d5a267b30df4,Nestor,Cronin,Mauro Effertz,Product Identity Consultant,elvina.boehm@gmail.com,1-274-570-3194,1961-34-15 05:34:12,"Apt. 788 048 Mayer Trace, Schroederberg, WY 09680",Dagny Springs,South Earnestinefurt,78246-7628,Grenada,Kansas,Will and Sons,340-82-0000,Dynamic Director,9,2018-22-28 09:22:30,2019-56-06 07:56:19
45f71ead-1673-4eec-8209-9e8101aa5453,Lindsey,Braun,Dannielle Morar Jr.,Regional Factors Administrator,tammi.jacobs@hotmail.com,933.127.0138,1978-26-23 08:26:26,"Suite 286 372 Doyle Branch, Kristelshire, IN 31895-9128",Jones Forks,South Fausto,29506,Cambodia,Oregon,Rempel-Leannon,042-00-1557,Global Strategist,3,2017-37-10 12:37:36,2019-12-07 05:12:02
4bf17f90-9ece-4f26-bb48-a599b749d40b,Percy,Shields,Lois Gibson,Corporate Configuration Executive,brock.mitchell@yahoo.com,959.532.1932,1959-27-06 11:27:26,"963 Mertie Islands, Trantowberg, OK 31341",Hilpert Branch,Tatumtown,24781-0121,Western Sahara,Arizona,McLaughlin and Sons,852-24-0000,Human Community-Services Administrator,7,2018-30-18 10:30:56,2019-09-07 12:09:59
45084298-e35e-4d08-8304-48074a540608,Emmitt,McGlynn,Kim Bode,Product Markets Administrator,sung.bernier@gmail.com,1-426-854-0333,1977-50-01 03:50:28,"Apt. 793 529 Orn Place, New Marcellusberg, NJ 32562",Arthur Lane,Alenaview,36319-0713,Mozambique,South Dakota,Simonis-Haley,583-00-9313,Future Farming Facilitator,10,2018-39-12 07:39:07,2019-31-07 04:31:21
41d715a7-9a3c-44e6-bc67-ac03e01b5640,Greg,Goodwin,Yoko Wunsch,Legacy Markets Technician,lane.ohara@hotmail.com,985-009-0905,1999-22-02 02:22:17,"79520 Darius Ports, New Reggie, SD 96159",Rowe Islands,New Marshall,81551,Croatia,North Carolina,Ebert-Labadie,666-95-2687,Regional Technology Designer,2,2018-59-21 09:59:08,2019-32-07 08:32:35
675ec833-b796-4f21-8589-44716baa77ee,Marilynn,Mertz,Ann Keeling,Dynamic Solutions Planner,mui.medhurst@gmail.com,1-554-541-6813,1995-41-07 01:41:20,"310 Alaine Pike, Signeside, LA 85440-9009",Genevive Stream,Caspertown,01394-2972,Holy See (Vatican City State),Wyoming,"Kirlin, Bode and Lindgren",832-99-0000,Internal Assistant,9,2016-40-19 09:40:10,2019-09-07 03:09:12
0cecf476-ab86-41bb-941d-d17eb830035d,Randolph,Cruickshank,Georgene Gaylord IV,Product Paradigm Liaison,sandy.walker@gmail.com,(309) 914-8464,2002-35-29 09:35:53,"Apt. 497 59075 Johna Junctions, Stromanport, WY 69415-3310",Ronald Street,Jameyfort,13652-3888,Congo,Georgia,Kemmer-Zulauf,000-41-5199,Senior Retail Manager,0,2018-01-22 04:01:04,2019-07-06 10:07:35
291f213e-ec95-4757-ac9a-8e74f6fcb9d6,Alice,Schaefer,Chong Zboncak,Chief Mobility Orchestrator,melvin.mraz@gmail.com,(306) 665-0553,1977-07-19 03:07:34,"704 Patty Square, Sheridanport, FL 06415",Legros Corner,West Eunborough,11192,Rwanda,Michigan,Raynor LLC,821-00-8781,Education Supervisor,3,2018-14-09 10:14:29,2019-12-06 08:12:17
6a1fc7a6-e059-44fa-8baa-47de2b61e487,Pablo,Stracke,Sheba Schoen,Central Integration Architect,dave.mcclure@hotmail.com,154-745-9637,1969-37-06 07:37:04,"Suite 415 743 Illa Center, East Ronnyport, MI 12253-2284",Reichert Mission,West Tedside,52492,Burundi,Montana,Weissnat and Sons,000-71-0081,Technology Analyst,0,2018-19-07 11:19:11,2019-21-06 06:21:52
ed949377-58ce-4bcf-aaaa-623b580932c9,Elane,Satterfield,Mr. Lesley Rohan,Forward Web Agent,lashay.shields@gmail.com,842-068-5113,1965-02-03 08:02:11,"0728 Deckow Oval, South Armando, OR 79123-8538",Mitzie Springs,West Alex,01385,Japan,South Carolina,"Jacobi, Torp and Kassulke",239-00-9504,Healthcare Analyst,3,2016-36-29 11:36:47,2019-22-07 03:22:25
5acf57d8-28ce-4a51-a9fd-d4badcfc82ce,Ronna,O'Connell,Arturo Terry,National Factors Officer,timmy.gaylord@hotmail.com,1-035-649-7145,1976-40-11 05:40:57,"Apt. 515 65696 Schinner Pine, Darehaven, WY 47447-3829",Quintin Cape,Dickensmouth,10076,Moldova,Maryland,Bosco Group,000-65-5581,Product Administration Architect,5,2018-21-01 01:21:30,2019-51-07 01:51:00
e6ac8e3f-3c2d-488e-9a3b-ae0d181c0437,Alfonso,Hegmann,Oretha Bogisich,International Creative Executive,xiomara.welch@yahoo.com,231.648.2194,1959-17-04 12:17:01,"5815 Erwin Views, Cassinview, IA 84710-8233",Bradtke Junctions,Larsonland,86510,Guam,West Virginia,Kreiger Group,673-00-3460,Consulting Architect,0,2018-28-25 07:28:31,2019-26-07 09:26:13
b2df67ae-292a-476e-b5c7-c8309c1af9c2,Sal,Lesch,Dewitt Murray,Customer Group Manager,pearle.hauck@yahoo.com,1-235-194-8845,2015-15-04 05:15:29,"55438 Wilbert Hills, Hyacinthfort, MN 89276",Stephania Passage,West Trentstad,34606,South Africa,Louisiana,Toy-Waters,000-50-1057,Product Administration Consultant,9,2018-03-05 09:03:42,2019-10-07 11:10:06
2204608e-ccbf-434f-8192-589415500dad,Wendolyn,Veum,Emilio Schulist,Corporate Web Assistant,sean.krajcik@yahoo.com,431-066-2369,1954-58-20 09:58:59,"9594 Tuan Glens, Jameymouth, UT 24092-1966",Lionel Flat,Rowestad,11876-9014,Ethiopia,Illinois,Stamm-Mraz,905-68-8907,Corporate Producer,4,2018-58-30 04:58:41,2019-40-07 07:40:56
