fc06f5bf-55f7-416f-a716-81ce2500d794,Brad,Armstrong,Lavon Weimann MD,Lead Group Analyst,marquis.rath@yahoo.com,554-924-8142,2006-12-08 04:12:46,"97260 Sheron Drives, Vinitafurt, NV 28297",Ryan Circles,Hermannville,62370-0271,Armenia,Virginia,Rath-Johnson,939-52-1268,Community-Services Administrator,2018-12-06 12:12:30,2019-55-07 12:55:28
d25e12fc-e149-410d-9b88-bdeabd3fa970,Robbie,Hahn,Rhona Stokes,Investor Solutions Coordinator,carly.mayert@hotmail.com,679-347-6751,1974-33-30 03:33:07,"334 Adrian Stravenue, West Garlandhaven, OK 15617-2253",Christeen Ports,Heathcotefort,33036-3904,Barbados,Iowa,"Donnelly, Glover and Schumm",363-00-6946,Advertising Specialist,2017-47-02 03:47:54,2019-47-06 10:47:49
c16898a2-ddb3-4d42-b6a7-bec32b13cbfb,Lou,Koepp,Sade Rippin,Regional Interactions Executive,claude.bode@hotmail.com,113-481-2180,1959-39-24 04:39:40,"Apt. 807 964 Harris Heights, North Augustburgh, ME 62519-5278",Walsh Track,South Juliet,65745-7567,Cambodia,Texas,Friesen LLC,308-73-0000,Real-Estate Orchestrator,2018-00-03 10:00:24,2019-05-07 02:05:54
3a804d42-55d6-4b53-b9ab-47225fda7e8e,Truman,Altenwerth,Humberto Gorczany,International Metrics Planner,vinita.luettgen@yahoo.com,337-692-5861,1982-34-09 10:34:39,"Apt. 942 64411 Lockman Rapids, Friesenchester, ID 39414-6535",Demetrius Shoal,Kendrickport,54327-3240,Cote d'Ivoire,Arkansas,Walsh LLC,926-89-5343,Customer Banking Engineer,2018-32-15 09:32:44,2019-19-07 07:19:02
af8c5621-5757-458f-b380-3e39f2058586,Candance,Kerluke,Joe Rutherford,International Mobility Technician,leona.ortiz@hotmail.com,(969) 843-9098,1978-14-27 09:14:17,"5575 Wiza Run, North Sharilynchester, WY 50482",Hudson Estate,New Gennyside,29658,Suriname,Utah,Mante-Rowe,000-58-8079,Government Architect,2018-36-01 11:36:53,2019-07-07 02:07:41
29484a80-7030-42aa-bc83-cca0e7146aec,Loris,Beier,Divina Mayert,International Web Executive,alexander.brekke@gmail.com,(068) 986-9251,1961-48-06 04:48:27,"61656 Fadel Loaf, North Karrieberg, UT 22374",Turner Ford,Jerdemouth,92522-8302,Mauritius,Nebraska,Cummings-Ferry,000-85-1964,District Real-Estate Specialist,2017-07-21 07:07:05,2019-36-06 07:36:22
6f27df20-2683-4100-8a9e-791bc31652b7,Trey,Schiller,Cecil Pfannerstill V,Dynamic Response Executive,erich.willms@yahoo.com,(804) 474-7646,2012-50-02 03:50:41,"Apt. 654 351 Leesa Estate, Monahanchester, AK 39922-3759",Prudence Spur,Vernonfort,05413-7740,Bermuda,Connecticut,Hahn-Kunde,666-88-6415,Consulting Director,2018-18-19 07:18:13,2019-43-06 11:43:47
6b982e54-5b22-4a53-9bc3-3b63680c25f6,Lawrence,Bahringer,Eloise Nitzsche,Dynamic Accounts Facilitator,elinore.macgyver@hotmail.com,683.124.6392,2006-32-15 02:32:43,"21119 Estela Plains, East Domenicbury, PA 58690",Alvina Springs,Lake Berenice,67250,Paraguay,Maryland,Wolf-Koss,058-00-3244,Regional Banking Consultant,2018-06-25 02:06:54,2019-23-06 03:23:04
a929e741-feb2-4c4e-b07c-71b5b91ef471,Hunter,Weissnat,Dr. Kristofer Ebert,International Security Assistant,columbus.wilderman@gmail.com,(664) 449-9178,1970-18-08 12:18:54,"332 Hilpert Mission, Myrnatown, OK 76167-6820",Homenick Tunnel,East Noel,84836-1302,Christmas Island,Kentucky,Runte-Cronin,666-72-7020,International Education Analyst,2016-54-01 04:54:52,2019-54-07 12:54:29
6b94e2a8-2577-4129-8994-00a230f500d1,Nikki,Ledner,Teri Ziemann Sr.,Forward Solutions Assistant,shelby.morar@gmail.com,1-407-800-3615,1971-38-11 04:38:47,"Apt. 757 926 Joseph Court, South Cyril, VA 91055",Krajcik Locks,New Kelseymouth,38116,Nauru,Iowa,Rodriguez-Schultz,518-00-2846,Customer Construction Manager,2017-32-29 04:32:01,2019-25-07 06:25:58
e940efb3-9d77-4643-89c1-0dc911f2e4cb,Eli,McKenzie,Shayne Upton,Future Usability Developer,hyon.kovacek@hotmail.com,709.380.6231,1980-27-12 05:27:55,"632 Thompson Brook, Domenicville, RI 92261",Stacey Points,Keeshaport,78946-8709,Chad,Indiana,Stanton-Gaylord,666-51-3643,District Planner,2018-07-30 04:07:01,2019-04-06 09:04:49
bbfc2a32-13c0-4576-98e7-a24416456c04,Ursula,Schuster,Chang Carter,Regional Accountability Manager,jayme.konopelski@gmail.com,587-127-0789,1993-43-22 07:43:00,"Suite 143 60210 Cruickshank Plains, North Cletus, FL 52827-3618",Prosacco Light,Port Sherylton,09379,Mauritius,Arkansas,Hagenes-Hilll,911-60-3396,Chief Retail Specialist,2017-38-19 06:38:25,2019-09-07 02:09:05
73b879eb-95c2-4e07-a969-099f2c736dbf,Zelma,Sanford,Errol VonRueden,Global Program Specialist,ji.harber@hotmail.com,(249) 590-9629,1977-52-08 07:52:34,"01302 Russ Views, Rayfordchester, OK 44890",Dickinson Crossroad,East Shila,36879-5560,Bahrain,South Carolina,Bosco-Rutherford,511-71-0000,Regional Technician,2017-30-25 06:30:25,2019-08-06 11:08:33
28d522e9-766a-4ce1-a067-0eebdc39afd6,Darrin,Windler,Miss Brittney Hudson,Senior Program Supervisor,kelly.ledner@gmail.com,1-866-724-9544,2005-27-18 02:27:36,"Suite 212 4807 Nereida Forge, New Karinehaven, NJ 59973",Orval Canyon,Port Maddie,22913,Haiti,New Hampshire,Kovacek Group,981-73-5446,Forward Director,2018-20-13 09:20:39,2019-06-06 03:06:17
e4b3c6c9-eeae-4d74-9cc6-e5dda6dd0239,Alejandro,Kuhlman,Larry Herzog,Human Functionality Manager,humberto.damore@hotmail.com,434.149.3401,1998-50-22 03:50:23,"Suite 621 404 Yost Divide, Port Daphine, NE 38551-1861",Donnelly Trace,New Freddieport,18533-8861,Costa Rica,Oklahoma,Hayes-Altenwerth,689-00-9067,Regional Legal Agent,2017-58-27 09:58:12,2019-18-06 01:18:32
f968c5cf-6a31-41d3-9913-dd668bd88a91,Sandi,Shanahan,Tyesha Waelchi IV,Lead Configuration Technician,angel.okon@hotmail.com,701.518.7096,1964-02-14 10:02:58,"Apt. 568 7916 Mosciski Common, Terryhaven, MN 10091-4714",Christina Cove,Gibsonchester,55610-1930,Malaysia,Wisconsin,Schultz-Bosco,939-80-3483,Legacy Coordinator,2017-37-30 05:37:06,2019-14-06 10:14:43
41aefe1f-6cd5-4f70-ab22-875defa1cc8a,Nicholas,Hahn,Sherrill Upton,Product Brand Analyst,earl.steuber@gmail.com,778-178-0167,2011-33-04 10:33:12,"01327 Tim Loop, North Randalport, AL 63986",Lorenzo Viaduct,South Lenniebury,15896-3157,Yemen,Montana,"Ullrich, Effertz and Ziemann",000-69-4138,Direct Retail Consultant,2018-49-08 02:49:32,2019-38-07 02:38:01
7034ee2c-d6d9-4eb0-a5a0-bb265f38ea2f,Buford,DuBuque,Cameron Ebert,Senior Metrics Administrator,cassy.okon@hotmail.com,153-794-5253,2008-49-03 08:49:19,"215 Fahey Prairie, Huelsfort, AR 65774",Lindgren Lane,Emilioberg,42408-9179,Sweden,Indiana,Farrell-Abernathy,183-24-0000,Senior Manufacturing Representative,2018-38-09 05:38:00,2019-09-06 12:09:25
e0db8e46-e9b6-4295-ad2c-ff585ce64ee1,Ron,O'Kon,Larhonda Ward,Global Directives Consultant,abe.hessel@yahoo.com,1-488-691-4981,2016-06-01 02:06:25,"Suite 972 2352 Garrett Dam, Eddyside, MD 66258-8205",Dino Shoal,Emmerichville,67779-7589,Myanmar,Washington,Carroll and Sons,924-66-8352,Marketing Designer,2017-31-15 05:31:46,2019-45-07 08:45:56
f6dbb860-37ad-4bb4-aeb2-85c64b67adb8,Dennis,Wintheiser,Carmelita Hintz,National Operations Officer,clyde.koepp@yahoo.com,567-729-7797,2013-17-17 10:17:56,"Suite 788 827 Vernie Trail, Harveyview, AL 66071-8189",Schneider Neck,West Brianberg,64618-8676,Armenia,Indiana,"Bahringer, Zemlak and Kunze",666-22-5869,Education Coordinator,2016-29-25 05:29:06,2019-16-06 03:16:52
71ee5f78-7d3e-4a88-b523-c1316d3360be,Emanuel,Erdman,Chung Ankunding,Senior Program Consultant,lavern.cremin@yahoo.com,1-915-616-2624,1973-28-21 03:28:14,"Suite 201 9840 Ratke Shore, Port Johnathon, NY 35958",Hammes Ville,Ankundingville,77634,Lao People's Democratic Republic,Pennsylvania,Batz and Sons,000-04-9200,Manufacturing Strategist,2019-37-16 09:37:33,2019-26-07 03:26:42
63f56a2e-bb6a-49eb-95e2-600be69e5d8f,Kisha,Jast,Curt Botsford,Central Functionality Supervisor,sam.howe@hotmail.com,(576) 589-8132,1969-06-16 01:06:46,"025 Dach Avenue, West Voncilebury, RI 06947",Mirella Dam,Clintonburgh,84071,Uzbekistan,New Jersey,Cremin-Sanford,491-18-0000,Customer Consultant,2017-13-26 05:13:50,2019-47-06 04:47:57
37062672-04b4-4e59-b47b-5350938fd4cf,Tawnya,Runte,Miss Brian Kling,Internal Assurance Engineer,aleshia.dubuque@yahoo.com,191.270.9043,1999-26-09 12:26:38,"Suite 370 903 Wilbur Land, Paulinetown, KY 53690-3128",Hartmann Mall,West Chiport,15670-7144,Monaco,Louisiana,"Volkman, Prosacco and Torphy",396-00-7239,Hospitality Executive,2019-06-05 07:06:45,2019-07-06 09:07:16
6a5c98e5-40bf-4d10-baea-247e9459530a,Inger,Gibson,Mr. Alise Brakus,Principal Configuration Engineer,violeta.kris@hotmail.com,1-511-533-6799,1968-50-06 08:50:15,"658 Mertz Harbors, Lake Paulitaview, MI 59753-2090",Bode Ranch,West Danikaton,14973-1998,Sao Tome and Principe,Connecticut,"Barrows, Armstrong and Adams",000-83-5926,Farming Coordinator,2017-36-21 06:36:36,2019-13-07 06:13:19
bc1af39c-59e7-4ed7-8f91-410990ec94d3,Lane,Gerhold,Sarina Rolfson DVM,Global Data Architect,dennise.douglas@hotmail.com,414-006-8112,1998-52-30 02:52:29,"596 Dietrich Pines, North Latrina, ID 62473-9466",Anisa Ville,Sangborough,13014-1450,Jordan,New Hampshire,Bednar Group,666-20-1824,Future Producer,2016-05-08 11:05:32,2019-52-06 11:52:55
3852c3e1-0aa1-48bc-abd8-6576387f2b7e,Ariane,Morissette,Andree Buckridge,Investor Security Supervisor,pamala.rogahn@gmail.com,162.655.6944,1994-55-02 10:55:01,"Apt. 269 4359 Mante Spring, Warrenton, FL 37102",Colby Course,Lake Lorenberg,60257-5887,Egypt,Wyoming,Langosh-Bergstrom,666-16-5934,Marketing Administrator,2019-25-02 01:25:52,2019-20-06 09:20:48
04177eab-1635-48ce-a8bb-1ad74e92eba3,Delora,Paucek,Salvador Koelpin,Legacy Mobility Representative,rosalind.schaden@hotmail.com,1-527-006-1478,2013-20-04 02:20:54,"476 Bechtelar Extensions, Raynorberg, TN 17944",Owen Roads,East Marcos,78616,Vanuatu,Wisconsin,"Kiehn, Okuneva and Harber",000-45-7062,Farming Strategist,2018-50-24 09:50:06,2019-57-06 11:57:01
814a9463-c9f0-4df4-b8bf-d187e7028268,Eloisa,Zemlak,Dr. Nicky Walter,Lead Research Coordinator,warren.batz@hotmail.com,(644) 071-0330,1994-08-10 10:08:26,"855 Graham Expressway, Port Kaitlynchester, AZ 80410",Chadwick Circle,Cristenton,63417,Slovenia,Kansas,Durgan LLC,419-00-3812,IT Planner,2018-09-04 04:09:32,2019-06-06 12:06:08
b10f2d37-fda1-444f-937f-9fc87ae2d413,Nigel,Sauer,Elvina Ullrich,Lead Metrics Consultant,janene.mertz@yahoo.com,446-434-7762,1970-48-22 03:48:25,"Suite 068 864 Beahan Mountain, Lake Stephane, CO 60732",Wisoky Junction,Jerryview,03368,Andorra,Colorado,Hilpert Inc,348-04-0000,Mining Orchestrator,2017-23-22 06:23:19,2019-20-07 02:20:00
476edbb2-3104-404b-a64d-fa5266cf2af6,Teodoro,Erdman,Boris Hickle Sr.,Dynamic Brand Liaison,nikita.schulist@gmail.com,196.417.6514,1985-20-16 11:20:25,"28018 Champlin Stream, North Johannabury, IA 81445",Goyette Shores,Trevafurt,25185-2292,Mayotte,Arizona,Carter Inc,907-18-0000,Dynamic Manufacturing Orchestrator,2017-12-11 06:12:44,2019-02-07 07:02:11
7741950b-286f-4600-875e-876cc01eb72e,Billy,Turcotte,Williams Shanahan I,Senior Marketing Analyst,paris.cummings@gmail.com,(423) 740-8396,2008-59-25 06:59:49,"Suite 115 788 Junita Meadow, Westbury, GA 13551",Gorczany Path,East Alfreda,04337,Cocos (Keeling) Islands,South Dakota,Von Inc,965-83-7579,Legacy Design Agent,2016-38-05 08:38:23,2019-53-07 03:53:48
671483f1-6fe1-404e-930f-a6b32659318e,Ernie,Tromp,Lottie Kovacek,Product Operations Executive,brad.tillman@yahoo.com,(102) 644-0948,1965-19-18 02:19:31,"54206 Augustus Square, West Adam, ME 04989",Rolfson Mountains,Harrisonport,64813,Afghanistan,North Dakota,"Armstrong, Schinner and Adams",964-87-0805,Lead Construction Consultant,2017-52-16 07:52:41,2019-06-06 08:06:40
7380df16-815b-4844-b324-52aa364f9b5a,Darline,Jacobs,Miss Oswaldo Walsh,Customer Functionality Coordinator,wilson.hamill@yahoo.com,335-859-6194,2008-05-05 08:05:09,"Suite 780 2434 Schowalter Haven, Heathcotetown, MI 43122-1440",Tricia Haven,Jaskolskifort,65492-7280,Slovakia (Slovak Republic),Wisconsin,"Parker, Marquardt and Carroll",039-00-0426,Design Representative,2018-29-04 10:29:22,2019-59-07 08:59:34
6f040dd5-d123-4baf-84d9-bb4d50d03ea7,Mac,Goodwin,Kerry Fisher,Central Optimization Officer,tim.pfannerstill@yahoo.com,(771) 754-8685,1980-31-06 01:31:09,"Apt. 118 2696 Block Mission, Wilkinsonville, KY 02394-8558",Leeann Crest,South Lynwoodshire,89660-0883,Puerto Rico,Iowa,Abbott and Sons,666-30-4475,Sales Engineer,2018-28-02 04:28:03,2019-01-07 08:01:02
60c5cd36-0836-43ae-b3af-2da6833cc8fb,Vita,Jacobi,Adan Bahringer,Global Marketing Strategist,dylan.johnson@yahoo.com,(328) 908-8968,1994-09-10 12:09:33,"Suite 108 87841 Barrows Wall, Hermistonshire, PA 04823-8794",Jame Shoal,Mikaville,94325-1457,Nepal,Minnesota,Dicki LLC,967-00-8301,District Retail Specialist,2018-18-07 01:18:54,2019-25-07 08:25:24
d50f2bee-0e60-4d1d-b983-9c73c9f96553,Annamarie,Huels,Katelin Harris,Customer Identity Developer,janita.littel@hotmail.com,(413) 086-9341,1979-42-29 02:42:52,"Apt. 448 67040 Carroll Mountain, Seanstad, DE 17555",Shanahan Ports,East Toshikoburgh,81967,Belarus,Vermont,West Inc,973-91-2768,Senior Sales Liaison,2017-32-21 05:32:19,2019-53-06 11:53:44
a16d573a-953b-40b3-9543-7546b20a5e0e,Taren,Schinner,Lonny Keebler III,Human Group Analyst,jeffrey.lesch@yahoo.com,(322) 103-3842,2016-52-05 03:52:26,"Suite 785 341 Flor Square, Mayerfurt, IA 62505-4896",Schuster Fields,East Leopoldomouth,84419,Belize,Vermont,"Ward, Roberts and Dach",666-60-2455,Design Assistant,2017-14-06 11:14:16,2019-08-06 04:08:08
d7ed154c-929d-410b-b7e1-1094fdc36f51,Denae,Klein,Vannesa Gislason,Central Branding Engineer,clayton.bosco@gmail.com,581-131-9264,1986-36-25 08:36:31,"38654 Ortiz Shoal, South Britt, MS 06890-5036",Raven Port,Cristtown,52013-1028,Mexico,Illinois,Rohan Inc,666-13-8844,Hospitality Coordinator,2016-30-10 04:30:43,2019-59-07 07:59:22
3cd0c647-b76b-436a-8324-5d9b457399e2,Jay,Bartoletti,Ms. Desmond Ebert,National Mobility Facilitator,alease.balistreri@hotmail.com,1-336-263-4766,2004-46-14 01:46:55,"639 Ali Cliffs, Runolfsdottirside, IN 87787-3835",Parisian Center,South Charles,88009-3969,Monaco,Michigan,Lind Inc,666-01-1392,Design Administrator,2017-51-22 07:51:23,2019-00-07 05:00:13
b6e99bbd-52ca-4517-83c2-23a72c8f8fb6,Sonya,Kessler,Ms. Sol Tillman,Corporate Web Coordinator,minerva.heaney@yahoo.com,329.295.5607,2000-14-21 07:14:26,"2729 Gerry Forest, Port Garret, MA 74796-5696",Caleb Terrace,New Josefstad,62966,Kuwait,Nebraska,Shields-Rowe,494-37-0000,District Banking Producer,2017-35-23 07:35:53,2019-18-06 09:18:20
99eff89c-d825-4ff4-952f-fc0afcf95507,Tory,Weissnat,Ambrose Batz,Legacy Accounts Manager,vicente.johnson@yahoo.com,470.891.1865,2010-26-04 04:26:13,"10154 Denesik Spring, Lake Lesleystad, AR 60014-0113",Dennis Motorway,East Faechester,37253-4298,American Samoa,Nebraska,Bergstrom Inc,929-93-7584,Regional Advertising Specialist,2016-19-04 05:19:51,2019-29-06 05:29:33
d0b8285a-4ad7-43b7-af2b-f273c2748954,Valentin,Gerlach,Kelvin Upton,Human Optimization Engineer,trinity.turcotte@yahoo.com,(268) 028-5765,1954-31-03 01:31:25,"05533 Antwan Ridge, West Titustown, WI 66827",Green Glens,Hahnside,88536,Armenia,Oregon,Marvin Inc,999-45-1879,Internal Healthcare Assistant,2018-48-04 07:48:14,2019-12-07 08:12:21
5c5bda05-f24f-44e2-a4d7-576316049bac,Sydney,Rath,Celina Bergstrom,Dynamic Identity Associate,allen.windler@gmail.com,1-298-673-6706,2001-18-14 06:18:34,"407 Marcus Mission, Lannyport, AZ 38156",Evangeline Common,North Alfreda,12426-4848,Northern Mariana Islands,Vermont,Reilly and Sons,000-12-4879,Marketing Assistant,2017-11-19 03:11:23,2019-11-07 09:11:06
3c7728a3-29dd-401b-82c8-df63b26d4735,Tennie,Jacobi,Tiffany Russel,Regional Accounts Agent,dominique.cartwright@hotmail.com,(772) 009-8670,1964-16-27 09:16:37,"Apt. 941 633 Hodkiewicz Expressway, East Glennbury, UT 86219-8429",Raphael Point,Williamsontown,82146-0310,Bhutan,Hawaii,Monahan-Sporer,171-00-4622,National Representative,2018-43-20 03:43:03,2019-11-07 09:11:10
3d9fa6cc-45de-4068-98c3-70d74f77b572,Scott,Schmidt,Jarrett Heller,Investor Web Engineer,melvina.lynch@yahoo.com,080-286-9872,1982-31-26 07:31:15,"675 Quintin Isle, Stefaniemouth, CO 65937",Hilll Stream,Osinskiberg,28978,Russian Federation,Alabama,"Greenholt, Bartell and Oberbrunner",452-00-3789,Regional Administrator,2016-25-17 08:25:13,2019-51-06 06:51:41
fd46dd77-4373-4624-8588-50c9b94ee4e7,Azalee,Schaefer,Drew Cummerata,Regional Operations Engineer,gaynelle.turcotte@gmail.com,694-641-5409,1997-41-05 04:41:43,"743 Demarcus Junction, Runteburgh, ND 51146-2349",Ward Plains,Roscoeside,35624,Ukraine,California,Schneider-Brekke,666-27-8571,Investor Mining Manager,2017-21-11 03:21:24,2019-37-07 09:37:21
614a97b8-05a0-4f22-859a-ea07a1b3a2cb,Cherri,Schuster,Nida Hand II,Legacy Web Planner,guadalupe.gleason@hotmail.com,1-482-347-9814,1988-12-03 01:12:40,"Suite 486 663 Monahan Prairie, East Gino, DE 65517-7118",Emmett Estates,Angelotown,49583,Saudi Arabia,North Carolina,Dach and Sons,666-37-3831,Technology Analyst,2017-39-16 06:39:32,2019-54-07 01:54:51
d1098739-5768-4dd5-98a5-3449f5cb7eb3,Millie,Christiansen,Bernice Dickens,Central Markets Associate,regan.kreiger@yahoo.com,(171) 373-0889,2004-30-04 02:30:39,"004 Delta Court, East Walkerburgh, RI 37579-4555",Stroman Plain,East Lavoniaton,45248-4486,India,Montana,Stanton-Mohr,983-00-8769,IT Strategist,2017-51-15 07:51:58,2019-14-06 10:14:04
ff37a43f-2513-4f26-9696-b987afb7e720,Oscar,Howe,Curt O'Keefe,International Division Analyst,denver.quitzon@hotmail.com,402.416.3313,2004-24-09 05:24:30,"Suite 988 87858 Heller Pike, Kimichester, RI 74060-6589",Fritsch Common,Maggiotown,17888-0888,United States Minor Outlying Islands,Vermont,Zboncak LLC,666-50-8888,Manufacturing Analyst,2017-42-02 01:42:27,2019-50-07 04:50:45
2a0348b9-5dfb-46de-aad2-25a08f28dd6e,Sharyl,Turcotte,Thurman Rutherford,Chief Mobility Technician,horace.stamm@hotmail.com,489.283.1668,2004-37-22 05:37:59,"119 Bauch Knolls, New Branden, CA 09739-6190",Kautzer Forest,New Darronmouth,41529,Burkina Faso,Maryland,Ondricka and Sons,666-59-0477,Senior Technology Manager,2018-11-06 10:11:04,2019-25-07 12:25:36
24cf3629-b584-42bf-aa72-806a21e06dcf,Jody,Dicki,Mr. Toby Botsford,Corporate Web Officer,kerry.dicki@yahoo.com,348-584-8551,1979-04-10 06:04:27,"Apt. 536 51976 Walker Groves, Cedrickbury, NM 96433-7489",Fernando Trail,Janessashire,15403-1482,Niger,Montana,Ratke and Sons,590-18-0000,Central Assistant,2016-39-11 03:39:36,2019-23-06 09:23:05
457757e1-f105-4078-bbcb-69ebd58fa906,Chance,Barton,Hazel Toy,Forward Data Strategist,wiley.turcotte@gmail.com,1-765-923-9698,2003-19-06 07:19:18,"Suite 995 0101 Koss River, East Erik, FL 67253",Purdy Forges,Maxwellborough,50880-6586,Fiji,Virginia,"Bernhard, Schmitt and Mosciski",478-50-0000,Marketing Liaison,2017-29-17 09:29:20,2019-29-06 10:29:26
57a27b5d-4f0c-4ce9-87a0-a1e7fe27df37,Layla,Littel,Dr. Garland Armstrong,Senior Markets Representative,janene.doyle@hotmail.com,321-106-4650,1999-30-01 12:30:23,"Apt. 547 6360 Wolf Heights, McLaughlinberg, CA 20721",Brant Circles,West Gilberto,87079,Taiwan,Alaska,"Moen, Haley and Hane",944-00-7502,Lead Community-Services Producer,2016-05-06 03:05:42,2019-33-06 09:33:31
73b3de6c-c50f-4dfb-86a8-e1e653dde21b,Melinda,Bogisich,Alec Mosciski,Dynamic Communications Designer,kyla.buckridge@gmail.com,(783) 592-8695,1994-24-13 05:24:29,"267 Thiel Mill, Hansenfurt, MS 45533-4906",Lockman Rapids,South Deja,71146-8781,Uruguay,Minnesota,Kessler-Hettinger,000-86-3823,Design Executive,2017-50-09 03:50:25,2019-19-06 10:19:21
be5b65f2-0b08-4fe8-893a-6670127e826e,Ellis,Stoltenberg,Kaleigh Hettinger II,Global Mobility Architect,britney.white@yahoo.com,731.010.3760,1987-21-04 09:21:15,"538 Corkery Summit, Port Spencer, MN 47559",Witting Dale,West Darinville,03563,Estonia,Utah,"Bahringer, Glover and Ward",666-87-7081,Internal Associate,2018-15-03 09:15:53,2019-09-06 11:09:59
4294bdaf-fb9f-4f11-8bbd-09eb2296a543,Marlene,Windler,Jerry Raynor,District Accounts Developer,rich.price@gmail.com,743.122.7977,1972-44-12 03:44:34,"134 Marcel Ford, North Fredericka, WY 49957-1248",Buckridge Rapids,West Nadiatown,44475,Hong Kong,Alaska,"Runte, Watsica and Hane",231-10-0000,Senior Architect,2017-05-09 09:05:38,2019-15-06 06:15:15
7408b9cc-9924-4bfe-9999-f3379f613747,Derrick,Murazik,Miss Halley Wuckert,Corporate Group Producer,roman.fadel@yahoo.com,529.666.0028,1977-00-05 08:00:54,"637 Conn Parkway, Robinborough, TN 17691",Karl Estates,Ollieberg,31120-0291,Bangladesh,South Dakota,Senger-Sawayn,000-19-9242,Hospitality Analyst,2017-24-22 10:24:27,2019-02-07 09:02:45
c15f0a9a-8c7f-4ca2-87b7-b9f67a290ae1,Milton,Effertz,Waldo Dach,Customer Security Orchestrator,velvet.gorczany@gmail.com,1-283-929-5388,2018-30-26 10:30:05,"4477 Sanford Forge, Peterborough, ND 27013-4372",Kory Rue,East Sangland,98865-4371,Colombia,Texas,Walsh Inc,923-75-7336,Human Hospitality Agent,2018-59-13 08:59:57,2019-14-07 12:14:17
3bad09be-309e-4e08-a38f-d3addcb789e5,Omar,Windler,Maragaret Lebsack IV,District Integration Analyst,truman.koch@yahoo.com,938-448-2304,1967-32-14 07:32:31,"616 Schimmel Islands, Randalbury, ND 39814",Mike Mountains,East Narcisa,99862-8251,Papua New Guinea,Louisiana,Hintz and Sons,529-00-2207,Global Administration Executive,2017-54-21 07:54:26,2019-26-06 05:26:43
2a3f5708-85f3-47ff-9f03-dc09eaae2b09,Caitlyn,Lockman,Lorretta Fisher IV,Corporate Quality Agent,shonna.vonrueden@gmail.com,(397) 441-3086,1959-51-11 11:51:48,"190 Rossana Prairie, Terryville, UT 98859-3740",Rohan Mills,West Rolandland,54862-7832,Chile,Oklahoma,"Tremblay, Feil and Kunze",000-85-7416,Construction Orchestrator,2017-42-22 12:42:15,2019-12-07 01:12:31
47e437ec-39d9-4534-b43f-ed3225465d4a,Eldridge,Spencer,Teodoro Gutmann,Principal Implementation Administrator,dominique.hessel@hotmail.com,785-154-0003,1957-31-15 08:31:54,"4946 Fahey Knolls, New Latrisha, NC 79162-4488",Mel Row,Fatimaville,07074-0627,Nauru,Arizona,Johnston Inc,929-90-5152,Direct IT Facilitator,2017-54-15 04:54:35,2019-18-07 02:18:36
fabb95f4-1366-4cfa-8ce1-4774e2fc2285,Cornell,Casper,Tommy Kunde,Legacy Factors Officer,mel.hyatt@gmail.com,515-521-7238,1960-12-05 05:12:48,"Apt. 754 274 Fredric Pike, Port Otha, ME 23379-6257",Herman Mills,Treenamouth,82580-8165,Ethiopia,Georgia,"Macejkovic, Ziemann and Becker",901-73-0000,Forward Banking Liaison,2017-29-30 03:29:44,2019-30-07 03:30:37
bbf3bee2-cf71-4432-b8b9-413f64b9784d,Scotty,Feest,Jimmy Kuhn,Legacy Communications Executive,celine.harber@yahoo.com,068.750.0265,1956-14-03 06:14:28,"1783 Brown View, Feestmouth, AR 49275-3422",Larkin Heights,South Trenton,99368,Cambodia,Maryland,Donnelly-Bayer,000-27-9851,Healthcare Executive,2017-56-21 07:56:47,2019-58-07 12:58:52
32514ec5-e2f4-4261-8648-8f6f50fe43d7,Winston,Krajcik,Ms. Lisandra Mueller,Investor Research Coordinator,herschel.rath@gmail.com,362.213.8898,2000-37-28 02:37:23,"9254 Sidney Mill, Daysimouth, WY 74402-5039",Cristopher Cliffs,South Aron,20748-8477,Saint Barthelemy,Massachusetts,"Hilll, Schmitt and Boehm",666-77-2201,Real-Estate Orchestrator,2018-33-06 03:33:55,2019-59-07 04:59:53
5796664c-c952-4961-bd9f-753b86253663,Kendrick,Zemlak,Luke Lueilwitz DDS,Principal Assurance Manager,lincoln.waelchi@hotmail.com,227-546-7214,2014-52-28 09:52:14,"Apt. 626 814 Wendell Mountain, Greenborough, IL 72189",Stracke Centers,Port Evelynn,38090-3393,Iraq,Maine,"Kirlin, Mosciski and Zieme",666-83-3154,District Community-Services Administrator,2017-01-12 10:01:29,2019-04-07 02:04:52
e08965f1-ca09-4e38-a998-e5f436c1fc5c,Charlyn,Swaniawski,Ms. Rubin Paucek,Product Integration Liaison,giovanni.farrell@hotmail.com,1-279-596-3746,1985-02-06 07:02:52,"536 Eladia Shores, East Dudley, WV 23277-1917",Weber Shoal,East Edward,80785,Cameroon,Rhode Island,Emard LLC,409-00-8976,International Manufacturing Supervisor,2017-22-01 01:22:45,2019-54-06 09:54:29
80fb71dd-fc49-455c-a90d-477094ffc81f,Karl,Doyle,Edgardo Waters,Human Markets Supervisor,luis.sporer@gmail.com,1-479-591-2778,1984-12-19 04:12:52,"62604 Corwin Corners, North Antoine, KY 68608-6887",Stoltenberg Junctions,New Winnie,36377,Belize,Texas,Bartell Group,666-09-9732,Marketing Facilitator,2017-26-10 11:26:49,2019-55-06 09:55:08
1045ba1f-867b-437f-b27b-ede4a528b9e2,Eusebio,Tillman,Troy Bayer,Internal Metrics Specialist,hulda.turcotte@yahoo.com,327-237-6855,1979-40-12 08:40:23,"41223 Lockman Mall, Kathiefort, HI 75976-4792",Tory Viaduct,South Sydneyport,83719-0857,Benin,Colorado,Flatley and Sons,996-26-3779,Forward Marketing Director,2019-20-27 08:20:00,2019-05-07 02:05:53
cbb38019-229e-40e8-8cd7-2b12355fcba4,Omar,Hartmann,Mr. Terrell Corwin,Dynamic Metrics Orchestrator,kiana.herzog@gmail.com,138-740-1566,1982-32-03 02:32:00,"06017 Quigley Fall, Adaburgh, MA 08640-6001",Sanford Route,Goodwinshire,50706-4589,Sweden,North Carolina,Rogahn LLC,000-45-9383,Legal Strategist,2018-50-26 12:50:58,2019-01-07 08:01:19
1e537054-5400-444c-86f5-a0a811f59a1b,Forest,Johnston,Joesph Hegmann DDS,Future Operations Administrator,emory.schinner@gmail.com,252-004-0102,1966-51-28 09:51:18,"Suite 035 8646 Rolfson Freeway, Mantebury, NE 42697",Clayton Burg,North Cleotildeberg,86473,Denmark,California,Schmidt and Sons,922-94-0000,Corporate Director,2017-29-31 10:29:58,2019-34-06 11:34:31
a8da6fb7-f87c-48f3-a8dc-dc43a15f4f20,Lorelei,Mann,Ms. Raymon Moen,Chief Optimization Administrator,edythe.marquardt@hotmail.com,414-422-6734,1955-23-11 03:23:54,"Apt. 324 615 Fallon Terrace, Rudyshire, KS 07590",Benito Cliffs,Mardellberg,10810-1050,Ethiopia,Idaho,"Beier, Torphy and Hickle",666-33-0965,Corporate Mining Supervisor,2016-39-14 04:39:28,2019-41-06 03:41:54
c18fb7aa-350e-42ef-85b9-f168106f9dd4,Elyse,Mosciski,Germaine Renner,Senior Program Officer,fiona.graham@hotmail.com,1-698-616-0989,1975-49-24 07:49:22,"Apt. 673 736 Larson Fort, South Zenaidahaven, IL 64594",Bashirian Mountain,Carmenbury,99523-3829,Taiwan,Michigan,"Erdman, Orn and Bernier",904-33-9650,Human Assistant,2016-15-22 04:15:42,2019-51-06 01:51:04
4f31a1d0-9569-4e2a-84b6-70ac242345ce,Mariano,Runolfsson,Catrina Murazik,Chief Tactics Developer,grady.walsh@gmail.com,551-502-0138,2017-32-26 12:32:08,"Suite 426 92782 Fabian Ways, Crookschester, OH 82386",Turcotte Lights,Dortheafort,43048,Thailand,Kentucky,DuBuque-Watsica,692-54-0000,Chief Director,2017-11-21 07:11:52,2019-56-07 07:56:53
0d5a04f9-ea85-482f-9de0-77c8df4e6f07,Virgen,Morissette,Mrs. Erlene McClure,Investor Optimization Executive,randell.gaylord@yahoo.com,(295) 081-1808,1959-18-10 03:18:23,"533 Sipes Camp, West Kamilahside, CO 09644-4240",Bednar Walks,Port Marguritemouth,88411-1903,San Marino,Washington,Reilly-Stroman,000-08-1378,Dynamic Design Developer,2018-44-18 03:44:17,2019-57-07 07:57:00
7b44136d-c5c8-4f2a-809f-fbe0574ce8a3,Shanita,Mills,Herbert Quigley,Lead Optimization Supervisor,rogelio.stiedemann@gmail.com,1-718-920-4938,2009-28-02 01:28:04,"3300 Heathcote Spur, Duaneview, AL 09286-9404",Fernande Hill,Gleichnermouth,57444-2348,Myanmar,West Virginia,Gleason LLC,000-76-5009,Human Accounting Specialist,2016-41-14 05:41:20,2019-21-06 11:21:55
c5f65096-d42f-4c73-9856-32c845d00b87,Hank,Pouros,Mr. Thurman Greenholt,Future Program Engineer,jesus.kiehn@gmail.com,(771) 637-7451,1989-14-13 07:14:32,"Suite 577 430 Friesen Vista, New Tamathastad, VT 85312-4477",Weissnat Falls,South Austin,07833-0966,Vanuatu,South Dakota,Hilll and Sons,420-00-3070,Chief Advertising Administrator,2018-55-01 07:55:28,2019-51-07 06:51:08
9581988c-3ec2-4f81-b8d0-de6f4eb959f4,Luigi,Gulgowski,Kenton Kuhic,District Group Officer,maryrose.mcdermott@yahoo.com,907-647-0533,2006-41-14 05:41:36,"Apt. 399 23354 Williamson Way, Mullerburgh, AZ 37809-0379",Kilback Mount,East Cherlynland,01967,Netherlands Antilles,Minnesota,Reichel-Altenwerth,666-93-4649,Advertising Consultant,2016-53-10 05:53:54,2019-27-07 05:27:10
d0fd7720-e3e7-4d77-aa65-71d81708c365,Soledad,Goyette,Lester Effertz,Chief Accountability Consultant,rene.langosh@yahoo.com,849-761-3972,1957-05-20 09:05:47,"Suite 365 93046 Glover Canyon, Antonettachester, FL 23016",Leda Park,Alantown,53852-9795,Faroe Islands,Colorado,Wyman-Mante,295-87-0000,Healthcare Orchestrator,2018-40-18 03:40:23,2019-37-07 12:37:44
89fc1781-529b-4abf-b4aa-af87a3a4c212,Lonny,McDermott,Tomiko Cruickshank DVM,Legacy Interactions Engineer,kenny.boehm@gmail.com,926.178.7038,2017-04-26 01:04:47,"617 Wallace Summit, Marianamouth, NC 87873",Leannon Manors,Chetmouth,66063-0596,Armenia,Kansas,Mayer Group,000-69-1314,Future Executive,2018-25-18 01:25:20,2019-10-06 05:10:16
62408e26-a879-4e8a-811a-e05df062c0d3,Margurite,Hintz,Ngoc Schaefer,Forward Accountability Orchestrator,january.king@hotmail.com,(336) 555-0899,1978-24-20 08:24:37,"Suite 938 78397 Greenholt Radial, East Lolita, MA 67597-6214",Lamont Road,Jaskolskifort,67043,Venezuela,Mississippi,Romaguera-Schimmel,932-75-1304,Mining Architect,2017-31-06 10:31:15,2019-16-06 04:16:47
ba0a5d8c-ac58-4ddc-bb85-74a5d14588e9,Nathaniel,Hickle,Isaias McGlynn,Internal Marketing Agent,colin.collins@yahoo.com,612.755.9345,2001-36-04 01:36:47,"43075 Christiansen Square, Mertzfort, OK 76889",Buck Common,Harberton,30136-4514,Kazakhstan,Oregon,Rippin Inc,405-00-9552,Corporate Real-Estate Executive,2018-39-05 09:39:47,2019-39-06 06:39:16
6efe1884-cb33-4578-8dd6-4d83ff9efb5d,Annett,Schmeler,Kitty Ritchie,Investor Implementation Consultant,jesus.mccullough@yahoo.com,194.453.3728,1988-14-24 04:14:54,"487 Shanta Overpass, Whitehaven, PA 23857-4583",Elanor Centers,Brendanfurt,44580,Holy See (Vatican City State),Montana,Sporer LLC,225-00-0815,Direct Representative,2018-22-23 09:22:58,2019-53-07 08:53:20
a64f1cdb-6f2d-441b-bbef-d53f875ea5bf,Melda,Anderson,Tomiko Nader,Forward Intranet Producer,benny.white@yahoo.com,077.479.6892,1968-07-16 08:07:03,"2034 Leonia Light, Port Roy, IN 95702",Courtney Lake,West Jacquline,30001,Australia,Nebraska,Terry Inc,840-99-0000,Dynamic Hospitality Director,2017-42-05 03:42:06,2019-46-07 03:46:17
b8744cbe-ea65-4e3f-81a0-cd14589c5826,Jenee,Weimann,Florene Cummings,Forward Communications Designer,paris.cremin@gmail.com,946.632.8845,1969-23-08 02:23:58,"Suite 695 173 Susy Pass, Jewellview, ND 47404-9571",Hegmann Trail,New Yahaira,85473,Paraguay,Nebraska,"Bashirian, Von and Schulist",979-48-0122,Consulting Officer,2016-26-29 08:26:00,2019-59-07 01:59:48
ff2ec4f8-4227-4e65-b544-6bf44b2051cf,Haywood,Strosin,Mrs. Carlee Bogisich,Forward Group Technician,buck.beahan@yahoo.com,023-378-4890,1993-59-21 11:59:24,"7181 Nicolle Cliffs, Kassulkefurt, WV 54048",Johnson Turnpike,Zulaufborough,52933-7105,Bermuda,Colorado,Terry-Schiller,922-74-6575,District Community-Services Technician,2017-54-03 04:54:48,2019-54-06 09:54:48
876c19ee-2efe-41f6-bef7-d112f3f2d8b1,Sylvester,Macejkovic,Shawnee Thiel,Senior Interactions Producer,beryl.jones@gmail.com,621.138.8231,2006-00-07 02:00:41,"Suite 209 731 Weber Glens, Chinahaven, VA 78613",Armstrong Trafficway,Prosaccoland,13703-4648,Cote d'Ivoire,Oregon,Mueller and Sons,974-81-3617,Forward Advertising Designer,2016-11-21 10:11:05,2019-33-06 06:33:59
9424217a-2199-4ab7-832b-9ffebae681b7,John,Mayert,Dr. Karole Hodkiewicz,Customer Response Officer,barrett.reynolds@hotmail.com,(872) 352-4043,1961-34-15 07:34:19,"82350 Clay Locks, Eulahfort, DE 05368",Mueller Viaduct,Heathcoteland,34205,Jersey,West Virginia,"Simonis, Smith and Boyer",000-64-7919,District Technician,2019-53-16 11:53:23,2019-20-06 04:20:27
ca3d97b0-242f-4913-8ff5-5d1579d3fe7c,Annita,West,Granville Harris,Lead Factors Administrator,deb.lehner@hotmail.com,930.732.4430,1973-34-06 11:34:52,"Apt. 219 61220 Pearlie Dam, New Lewisburgh, ME 40620",Vertie Flats,Hettingerburgh,92821-9293,Gibraltar,Alaska,Borer and Sons,000-14-2997,Global Associate,2018-13-02 10:13:19,2019-55-06 10:55:19
ce9d6de2-6b13-4634-8771-72efa6c2f306,Mathew,Borer,Shondra King,Dynamic Creative Representative,daren.senger@hotmail.com,102.580.2683,1995-09-04 02:09:52,"89849 Shon Camp, Estebanchester, MS 39382-2070",Lorenzo Meadows,Lake Sunside,95521,Kuwait,Hawaii,"King, Maggio and Kohler",666-72-9095,Farming Assistant,2017-34-02 10:34:19,2019-39-06 11:39:17
ac629e92-23b7-4491-8922-2bc2eb1995d6,Natasha,Vandervort,Kristle Schowalter,National Communications Supervisor,shirley.kub@gmail.com,431-799-9031,2013-46-09 11:46:10,"79035 Yajaira Meadow, Aundreachester, AK 30168",Olimpia Via,Walshton,78654-7074,Kenya,Missouri,Rolfson LLC,431-00-3326,Sales Designer,2016-15-01 03:15:34,2019-38-06 01:38:05
9459f60e-926e-4523-b922-8f60b8161a6b,Sydney,Roob,Talisha Bruen,Direct Response Planner,eva.erdman@yahoo.com,1-681-830-4732,2017-47-09 08:47:30,"Apt. 215 602 Kiehn Brook, West Boris, VT 86893-8451",Candie Springs,Bechtelarland,14891-1668,Sweden,West Virginia,"Vandervort, Borer and Cormier",983-35-8047,Human Legal Agent,2018-29-09 03:29:50,2019-43-06 11:43:41
ea5689cd-0ffb-43c2-bef2-67801f28f630,Monty,Cremin,Celeste McCullough,Internal Response Planner,allen.luettgen@gmail.com,218-341-4582,1976-56-07 01:56:05,"Apt. 953 6014 Mertz View, Lake Thomas, ME 12818-8885",Toney Cape,Lake Mitzietown,37894-6152,Equatorial Guinea,South Carolina,Wisoky LLC,966-07-4159,Internal Design Orchestrator,2017-08-05 08:08:00,2019-53-07 01:53:43
f6c82f2c-cc80-479f-ba1c-d832d516614f,Julienne,Effertz,Waldo Kozey,Product Solutions Developer,willis.ward@yahoo.com,(857) 910-2343,1997-44-02 05:44:59,"Apt. 486 90130 Padberg Drive, South Aliland, MS 44927-3474",Klein Stream,Dooleyfurt,73028,Zambia,Massachusetts,Schultz-Zieme,666-09-7953,Product Administrator,2017-20-20 06:20:22,2019-41-06 09:41:34
c848e629-724e-424e-be60-78c272567b38,Murray,Johnson,Lupe Heaney DDS,Lead Directives Producer,myron.vonrueden@yahoo.com,628.727.3971,2001-03-14 06:03:58,"448 Josiah Squares, Port Dianchester, WA 46369-6449",Upton Shores,East Byronfurt,60718,Vietnam,Iowa,Schuppe-O'Hara,000-18-6389,Retail Coordinator,2018-29-02 12:29:00,2019-15-07 03:15:13
604acec5-6c0d-460c-9081-10db18a20ccb,Bethany,Hodkiewicz,Mrs. Cristopher Auer,International Tactics Strategist,deon.ritchie@yahoo.com,436.129.9557,2000-41-13 03:41:12,"Apt. 259 51001 Anthony Groves, West Danielmouth, WI 13923-9344",Vincenzo Freeway,Kassulkeville,23138,Syrian Arab Republic,Montana,"Cormier, Anderson and Lehner",922-81-0544,Dynamic Officer,2017-17-05 08:17:04,2019-16-07 03:16:30
110990a4-508f-44cf-85ca-abb95a29f49f,Fabian,Schamberger,Waltraud Stark,Principal Assurance Planner,pablo.skiles@hotmail.com,1-925-478-3158,2004-35-26 02:35:13,"Apt. 693 16001 Yoshie Drive, Schmidtton, NJ 62644-4900",Hank Prairie,East Marguerita,20264,Angola,Alaska,Reinger LLC,666-20-2935,Forward Real-Estate Associate,2017-31-14 06:31:00,2019-43-06 11:43:34
65c5fb34-83bd-411f-a3ca-c2470b1c1c95,Rogelio,Schulist,Michel Zemlak Sr.,Customer Solutions Assistant,rico.wilkinson@hotmail.com,(392) 643-6206,2001-14-10 08:14:09,"678 Jeff Wall, New Marquis, NV 81353-7226",Hirthe Rapid,Caterinaburgh,57925,Liberia,Nevada,Schimmel-Beahan,318-00-6411,Education Analyst,2017-49-26 10:49:56,2019-05-06 02:05:25
558d0443-f128-48aa-bc4e-acb5f33cf11f,Mathew,Zulauf,Dinorah Bahringer,Dynamic Interactions Assistant,chung.frami@hotmail.com,827-146-6778,1986-42-24 09:42:08,"4737 Angelica River, Schuppemouth, NY 33839",Fisher Stravenue,Kayleneborough,88759-1984,Turkey,Maryland,Bode-Bergstrom,666-81-4013,Legal Orchestrator,2018-48-05 06:48:46,2019-38-06 05:38:31
2a1bebe5-866c-4c66-a33e-d5e327bf72bc,Meri,Rice,Juliet Cremin,Human Directives Agent,octavio.feil@gmail.com,793-054-3710,1972-15-21 04:15:06,"Suite 039 54159 Noe Manor, Lake Marylandbury, TN 68763",Miguel Ramp,North Carashire,82514-1582,Bolivia,Massachusetts,"Reynolds, McGlynn and Torphy",929-03-0797,IT Consultant,2017-28-10 05:28:10,2019-06-06 09:06:25
671a16c2-a894-4824-8575-6dc106dd75e5,Nathaniel,Price,Tobias Bailey,Human Data Supervisor,taneka.sauer@hotmail.com,114-275-4988,1957-18-06 01:18:47,"929 Edith Mill, Simonisfurt, MS 51916-0383",Nieves Keys,North Sung,59792,Serbia,Hawaii,Hettinger LLC,966-84-0851,Direct Banking Supervisor,2017-08-09 03:08:48,2019-29-06 09:29:11
